EmployeeID,FirstName,LastName,ProjectID,ProjectName
1,Kamau,Ndegwa,1010,"Project J"
1,Kamau,Ndegwa,1009,"Project I"
1,Kamau,Ndegwa,1008,"Project H"
1,Kamau,Ndegwa,1007,"Project G"
1,Kamau,Ndegwa,1006,"Project F"
1,Kamau,Ndegwa,1005,"Project Z"
1,Kamau,Ndegwa,1004,"Project D"
1,Kamau,Ndegwa,1003,"Project C"
1,Kamau,Ndegwa,1002,"Project B"
1,Kamau,Ndegwa,1001,"Project A"
2,Wanjiku,Wambui,1010,"Project J"
2,Wanjiku,Wambui,1009,"Project I"
2,Wanjiku,Wambui,1008,"Project H"
2,Wanjiku,Wambui,1007,"Project G"
2,Wanjiku,Wambui,1006,"Project F"
2,Wanjiku,Wambui,1005,"Project Z"
2,Wanjiku,Wambui,1004,"Project D"
2,Wanjiku,Wambui,1003,"Project C"
2,Wanjiku,Wambui,1002,"Project B"
2,Wanjiku,Wambui,1001,"Project A"
3,Omondi,Odhiambo,1010,"Project J"
3,Omondi,Odhiambo,1009,"Project I"
3,Omondi,Odhiambo,1008,"Project H"
3,Omondi,Odhiambo,1007,"Project G"
3,Omondi,Odhiambo,1006,"Project F"
3,Omondi,Odhiambo,1005,"Project Z"
3,Omondi,Odhiambo,1004,"Project D"
3,Omondi,Odhiambo,1003,"Project C"
3,Omondi,Odhiambo,1002,"Project B"
3,Omondi,Odhiambo,1001,"Project A"
4,Atieno,Achieng,1010,"Project J"
4,Atieno,Achieng,1009,"Project I"
4,Atieno,Achieng,1008,"Project H"
4,Atieno,Achieng,1007,"Project G"
4,Atieno,Achieng,1006,"Project F"
4,Atieno,Achieng,1005,"Project Z"
4,Atieno,Achieng,1004,"Project D"
4,Atieno,Achieng,1003,"Project C"
4,Atieno,Achieng,1002,"Project B"
4,Atieno,Achieng,1001,"Project A"
5,Njeri,Wangari,1010,"Project J"
5,Njeri,Wangari,1009,"Project I"
5,Njeri,Wangari,1008,"Project H"
5,Njeri,Wangari,1007,"Project G"
5,Njeri,Wangari,1006,"Project F"
5,Njeri,Wangari,1005,"Project Z"
5,Njeri,Wangari,1004,"Project D"
5,Njeri,Wangari,1003,"Project C"
5,Njeri,Wangari,1002,"Project B"
5,Njeri,Wangari,1001,"Project A"
6,Mwangi,Kimani,1010,"Project J"
6,Mwangi,Kimani,1009,"Project I"
6,Mwangi,Kimani,1008,"Project H"
6,Mwangi,Kimani,1007,"Project G"
6,Mwangi,Kimani,1006,"Project F"
6,Mwangi,Kimani,1005,"Project Z"
6,Mwangi,Kimani,1004,"Project D"
6,Mwangi,Kimani,1003,"Project C"
6,Mwangi,Kimani,1002,"Project B"
6,Mwangi,Kimani,1001,"Project A"
7,Amina,Mohamed,1010,"Project J"
7,Amina,Mohamed,1009,"Project I"
7,Amina,Mohamed,1008,"Project H"
7,Amina,Mohamed,1007,"Project G"
7,Amina,Mohamed,1006,"Project F"
7,Amina,Mohamed,1005,"Project Z"
7,Amina,Mohamed,1004,"Project D"
7,Amina,Mohamed,1003,"Project C"
7,Amina,Mohamed,1002,"Project B"
7,Amina,Mohamed,1001,"Project A"
8,Kiplagat,Koech,1010,"Project J"
8,Kiplagat,Koech,1009,"Project I"
8,Kiplagat,Koech,1008,"Project H"
8,Kiplagat,Koech,1007,"Project G"
8,Kiplagat,Koech,1006,"Project F"
8,Kiplagat,Koech,1005,"Project Z"
8,Kiplagat,Koech,1004,"Project D"
8,Kiplagat,Koech,1003,"Project C"
8,Kiplagat,Koech,1002,"Project B"
8,Kiplagat,Koech,1001,"Project A"
9,Muthoni,Gathoni,1010,"Project J"
9,Muthoni,Gathoni,1009,"Project I"
9,Muthoni,Gathoni,1008,"Project H"
9,Muthoni,Gathoni,1007,"Project G"
9,Muthoni,Gathoni,1006,"Project F"
9,Muthoni,Gathoni,1005,"Project Z"
9,Muthoni,Gathoni,1004,"Project D"
9,Muthoni,Gathoni,1003,"Project C"
9,Muthoni,Gathoni,1002,"Project B"
9,Muthoni,Gathoni,1001,"Project A"
10,Otieno,Ochieng,1010,"Project J"
10,Otieno,Ochieng,1009,"Project I"
10,Otieno,Ochieng,1008,"Project H"
10,Otieno,Ochieng,1007,"Project G"
10,Otieno,Ochieng,1006,"Project F"
10,Otieno,Ochieng,1005,"Project Z"
10,Otieno,Ochieng,1004,"Project D"
10,Otieno,Ochieng,1003,"Project C"
10,Otieno,Ochieng,1002,"Project B"
10,Otieno,Ochieng,1001,"Project A"
11,Kiplagat,Kosgey,1010,"Project J"
11,Kiplagat,Kosgey,1009,"Project I"
11,Kiplagat,Kosgey,1008,"Project H"
11,Kiplagat,Kosgey,1007,"Project G"
11,Kiplagat,Kosgey,1006,"Project F"
11,Kiplagat,Kosgey,1005,"Project Z"
11,Kiplagat,Kosgey,1004,"Project D"
11,Kiplagat,Kosgey,1003,"Project C"
11,Kiplagat,Kosgey,1002,"Project B"
11,Kiplagat,Kosgey,1001,"Project A"
34,leah,achieng,1010,"Project J"
34,leah,achieng,1009,"Project I"
34,leah,achieng,1008,"Project H"
34,leah,achieng,1007,"Project G"
34,leah,achieng,1006,"Project F"
34,leah,achieng,1005,"Project Z"
34,leah,achieng,1004,"Project D"
34,leah,achieng,1003,"Project C"
34,leah,achieng,1002,"Project B"
34,leah,achieng,1001,"Project A"
